Contributor,Follower
@ai,@rauchg
@ai,@kossnocorp
@ai,@berkaey
@ai,@silvenon
@ai,@Justineo
@ai,@matheuss
@ai,@kazupon
@ai,@theKashey
@ai,@yyx990803
@ai,@tunnckoCore
@ai,@A
@chinesedfan,@fed135
@chinesedfan,@Alanscut
@deltaepsilon,@heyamykate
@emilyemorehouse,@Khaledgarbaya
@emilyemorehouse,@jphilipstevens
@emilyemorehouse,@Alanscut
@emilyemorehouse,@yasuf
@fed135,@jasonsaayman
@mzabriskie,@heyamykate
@mzabriskie,@sdras
@mzabriskie,@Khaledgarbaya
@mzabriskie,@deltaepsilon
@mzabriskie,@rootsher
@mzabriskie,@pazguille
@nickuraltsev,@Khaledgarbaya
@nickuraltsev,@pazguille
@rubennorte,@Khaledgarbaya
@rubennorte,@pazguille
@yasuf,@Alanscut
@102,@leshakoss
@albertorestifo,@fjaguero
@alpcanaydin,@dbtek
@asia-t,@ertrzyiks
@draperunner,@hanse
@ertrzyiks,@marnusw
@ertrzyiks,@asia-t
@fidelman,@leshakoss
@fjaguero,@albertorestifo
@fnlctrl,@kazupon
@fnlctrl,@ktsn
@hanse,@draperunner
@kossnocorp,@ai
@kossnocorp,@piotrd
@kossnocorp,@markowsiak
@kossnocorp,@A
@leshakoss,@102
@leshakoss,@RIanDeLaCruz
@leshakoss,@kossnocorp
@leshakoss,@markowsiak
@marnusw,@ertrzyiks
@mattlewis92,@kossnocorp
@piotrd,@kossnocorp
@sh3pik,@kossnocorp
@trongthanh,@vanvuongngo
@tunnckoCore,@A
@ykzts,@kazupon
@dylang,@rauchg
@dylang,@A
@lalpert,@matteosb
@matteosb,@lalpert
@RubenVerborgh,@tunnckoCore
@RubenVerborgh,@fed135
@RubenVerborgh,@Alanscut
@madsrasmussen,@simonbusborg
@simonbusborg,@tkjaergaard
@simonbusborg,@madsrasmussen
@tkjaergaard,@simonbusborg
@LinusBorg,@Akryum
@LinusBorg,@hootlex
@LinusBorg,@sdras
@LinusBorg,@manico
@LinusBorg,@phanan
@LinusBorg,@kazupon
@LinusBorg,@posva
@bnjmnt4n,@mathiasbynens
@bnjmnt4n,@jdalton
@jdalton,@rauchg
@jdalton,@mathiasbynens
@jdalton,@bnjmnt4n
@jdalton,@rootsher
@jdalton,@zackhall
@jdalton,@jfmengels
@jdalton,@102
@jdalton,@TehShrike
@jdalton,@manico
@jdalton,@Justineo
@jfmengels,@bnjmnt4n
@jridgewell,@mathiasbynens
@jridgewell,@rauchg
@mathiasbynens,@jdalton
@mathiasbynens,@travisjeffery
@mathiasbynens,@pazguille
@mathiasbynens,@bnjmnt4n
@mathiasbynens,@yyx990803
@mathiasbynens,@rootsher
@mathiasbynens,@A
@mathiasbynens,@phanan
@mathiasbynens,@kbrabrand
@mathiasbynens,@fed135
@mathiasbynens,@deerawan
@mathiasbynens,@gpetrioli
@zackhall,@bnjmnt4n
@dadambickford,@OscarGodson
@gr2m,@tunnckoCore
@KyleAMathews,@Khaledgarbaya
@KyleAMathews,@silvenon
@OscarGodson,@dadambickford
@theKashey,@pazguille
@theKashey,@dkozickis
@theKashey,@A
@A,@drugoi
@A,@tunnckoCore
@dougwilson,@tunnckoCore
@dougwilson,@A
@dougwilson,@pazguille
@Qix-,@matheuss
@Qix-,@leo
@Qix-,@TooTallNate
@tj,@rauchg
@tj,@travisjeffery
@tj,@TooTallNate
@tj,@kazupon
@tj,@pazguille
@tj,@kossnocorp
@tj,@hanse
@tj,@olalonde
@tj,@dougwilson
@tj,@yyx990803
@tj,@A
@tj,@thebigredgeek
@tj,@sodatea
@tj,@dbtek
@tj,@Justineo
@tj,@rbudiharso
@tj,@tunnckoCore
@tj,@robinvdvleuten
@tj,@rootsher
@tj,@rubennorte
@tj,@jamestalmage
@tj,@TehShrike
@tj,@silvenon
@tj,@tpai
@tj,@fed135
@tj,@mareksuscak
@tj,@ktsn
@tj,@leo
@tj,@jphilipstevens
@tj,@ulivz
@tj,@athivvat
@tj,@abduwaly
@tj,@posva
@tj,@korzhyk
@TooTallNate,@rauchg
@TooTallNate,@kazupon
@TooTallNate,@travisjeffery
@TooTallNate,@pazguille
@TooTallNate,@yyx990803
@TooTallNate,@tunnckoCore
@TooTallNate,@A
@TooTallNate,@leo
@TooTallNate,@matheuss
@TooTallNate,@Qix-
@TooTallNate,@fed135
@travisjeffery,@nhocki
@blake-newman,@kazupon
@blake-newman,@Akryum
@blake-newman,@hootlex
@blake-newman,@manico
@blake-newman,@sdras
@chrisvfritz,@kazupon
@chrisvfritz,@hootlex
@chrisvfritz,@LinusBorg
@chrisvfritz,@znck
@chrisvfritz,@fnlctrl
@chrisvfritz,@sdras
@chrisvfritz,@posva
@chrisvfritz,@kiaking
@kazupon,@ktsn
@kazupon,@posva
@kazupon,@fnlctrl
@kazupon,@hootlex
@kazupon,@nickmessing
@kazupon,@deerawan
@kazupon,@sdras
@kazupon,@ulivz
@kazupon,@Justineo
@kazupon,@LinusBorg
@kazupon,@Akryum
@kazupon,@kiaking
@phanan,@kazupon
@phanan,@Akryum
@phanan,@hootlex
@phanan,@posva
@posva,@kazupon
@posva,@Akryum
@posva,@hootlex
@posva,@ktsn
@posva,@sdras
@posva,@ulivz
@posva,@LinusBorg
@posva,@Justineo
@posva,@kiaking
@simplesmiler,@kazupon
@yyx990803,@drugoi
@yyx990803,@kazupon
@yyx990803,@sodatea
@yyx990803,@Justineo
@yyx990803,@simplesmiler
@yyx990803,@fnlctrl
@yyx990803,@znck
@yyx990803,@hootlex
@yyx990803,@blake-newman
@yyx990803,@shentao
@yyx990803,@ktsn
@yyx990803,@phanan
@yyx990803,@chrisvfritz
@yyx990803,@rootsher
@yyx990803,@sabrinamiao
@yyx990803,@matheuss
@yyx990803,@posva
@yyx990803,@Akryum
@znck,@kazupon
@znck,@Akryum
@znck,@hootlex
@znck,@posva
@znck,@LinusBorg
@Akryum,@kazupon
@Akryum,@LinusBorg
@Akryum,@posva
@Akryum,@hootlex
@Akryum,@phanan
@Akryum,@sdras
@Akryum,@gandesc
@Akryum,@manico
@Akryum,@Justineo
@Akryum,@NataliaTepluhina
@Akryum,@kiaking
@Akryum,@znck
@eddyerburgh,@kazupon
@eddyerburgh,@LinusBorg
@eddyerburgh,@deerawan
@eddyerburgh,@Akryum
@Justineo,@sodatea
@Justineo,@ai
@Justineo,@ulivz
@Justineo,@kazupon
@Justineo,@sdras
@Justineo,@posva
@Justineo,@kiaking
@ktsn,@kazupon
@ktsn,@fnlctrl
@ktsn,@hootlex
@ktsn,@posva
@ktsn,@kiaking
@ktsn,@ulivz
@ktsn,@LinusBorg
@michalsnik,@phanan
@michalsnik,@kazupon
@NataliaTepluhina,@kiaking
@NataliaTepluhina,@ulivz
@nickmessing,@kazupon
@nickmessing,@LinusBorg
@sdras,@Akryum
@sdras,@hootlex
@sdras,@kazupon
@sdras,@nickmessing
@sdras,@ulivz
@sdras,@posva
@sdras,@Justineo
@sdras,@phanan
@sdras,@Qix-
@sdras,@simonbusborg
@sdras,@rauchg
@sdras,@sabrinamiao
@sdras,@madsrasmussen
@shentao,@kazupon
@shentao,@LinusBorg
@shentao,@posva
@shentao,@phanan
@shentao,@kiaking
@sodatea,@ulivz
@sodatea,@LinusBorg
@sodatea,@kazupon
@sodatea,@Justineo
@hootlex,@kazupon
@Jinjiang,@yyx990803
@Jinjiang,@kazupon
@Jinjiang,@sabrinamiao
@Jinjiang,@Justineo
@Jinjiang,@sdras
@Jinjiang,@ulivz
@Jinjiang,@kiaking
@kiaking,@kazupon
@kiaking,@posva
@ulivz,@kazupon
@joecohens,@TooTallNate
@leo,@rauchg
@leo,@TooTallNate
@leo,@matheuss
@leo,@rootsher
@leo,@robinvdvleuten
@leo,@Qix-
@leo,@joecohens
@matheuss,@TooTallNate
@rauchg,@travisjeffery
@rauchg,@TooTallNate
@rauchg,@pazguille
@rauchg,@hanse
@rauchg,@yyx990803
@rauchg,@fjaguero
@rauchg,@A
@rauchg,@bnjmnt4n
@rauchg,@leo
@rauchg,@kazupon
@rauchg,@matheuss
@rauchg,@olalonde
@rauchg,@silvenon
@rauchg,@rootsher
@rauchg,@Qix-
@rauchg,@tpai
@rauchg,@joecohens
@rauchg,@Justineo
@slowcheetah,@zloirock
