Contributor,Following
@ai,@kossnocorp
@ai,@Justineo
@Alanscut,@RubenVerborgh
@Alanscut,@chinesedfan
@Alanscut,@emilyemorehouse
@Alanscut,@yasuf
@deltaepsilon,@mzabriskie
@fed135,@tj
@fed135,@TooTallNate
@fed135,@mathiasbynens
@fed135,@RubenVerborgh
@fed135,@chinesedfan
@heyamykate,@mzabriskie
@heyamykate,@deltaepsilon
@jasonsaayman,@fed135
@jphilipstevens,@tj
@jphilipstevens,@emilyemorehouse
@Khaledgarbaya,@KyleAMathews
@Khaledgarbaya,@rubennorte
@Khaledgarbaya,@mzabriskie
@Khaledgarbaya,@emilyemorehouse
@Khaledgarbaya,@nickuraltsev
@pazguille,@rauchg
@pazguille,@tj
@pazguille,@dougwilson
@pazguille,@TooTallNate
@pazguille,@mathiasbynens
@pazguille,@rubennorte
@pazguille,@mzabriskie
@pazguille,@theKashey
@pazguille,@nickuraltsev
@rootsher,@jdalton
@rootsher,@rauchg
@rootsher,@tj
@rootsher,@mathiasbynens
@rootsher,@mzabriskie
@rootsher,@yyx990803
@rootsher,@leo
@rubennorte,@tj
@yasuf,@emilyemorehouse
@102,@jdalton
@102,@leshakoss
@abduwaly,@tj
@albertorestifo,@fjaguero
@aocneanu,@yyx990803
@asia-t,@ertrzyiks
@athivvat,@tj
@berkaey,@ai
@dbtek,@tj
@dbtek,@alpcanaydin
@deerawan,@kazupon
@deerawan,@mathiasbynens
@deerawan,@eddyerburgh
@dkozickis,@theKashey
@draperunner,@hanse
@drugoi,@yyx990803
@drugoi,@A
@ertrzyiks,@marnusw
@ertrzyiks,@asia-t
@fjaguero,@rauchg
@fjaguero,@albertorestifo
@fnlctrl,@kazupon
@fnlctrl,@yyx990803
@fnlctrl,@ktsn
@fnlctrl,@chrisvfritz
@gandesc,@Akryum
@gpetrioli,@mathiasbynens
@hanse,@rauchg
@hanse,@tj
@hanse,@draperunner
@kbrabrand,@mathiasbynens
@korzhyk,@tj
@kossnocorp,@ai
@kossnocorp,@tj
@kossnocorp,@piotrd
@kossnocorp,@leshakoss
@kossnocorp,@sh3pik
@kossnocorp,@mattlewis92
@leshakoss,@102
@leshakoss,@fidelman
@manico,@jdalton
@manico,@yyx990803
@manico,@LinusBorg
@manico,@Akryum
@manico,@blake-newman
@mareksuscak,@tj
@markowsiak,@kossnocorp
@markowsiak,@leshakoss
@marnusw,@ertrzyiks
@mort3za,@yyx990803
@piotrd,@kossnocorp
@rbudiharso,@tj
@RIanDeLaCruz,@leshakoss
@sabrinamiao,@Jinjiang
@sabrinamiao,@yyx990803
@sabrinamiao,@sdras
@silvenon,@rauchg
@silvenon,@ai
@silvenon,@tj
@silvenon,@KyleAMathews
@tpai,@rauchg
@tpai,@tj
@tpai,@yyx990803
@tunnckoCore,@ai
@tunnckoCore,@tj
@tunnckoCore,@gr2m
@tunnckoCore,@dougwilson
@tunnckoCore,@TooTallNate
@tunnckoCore,@RubenVerborgh
@tunnckoCore,@A
@vanvuongngo,@trongthanh
@lalpert,@matteosb
@matteosb,@lalpert
@jamestalmage,@tj
@olalonde,@rauchg
@olalonde,@tj
@madsrasmussen,@simonbusborg
@madsrasmussen,@sdras
@simonbusborg,@tkjaergaard
@simonbusborg,@sdras
@simonbusborg,@madsrasmussen
@tkjaergaard,@simonbusborg
@LinusBorg,@kazupon
@LinusBorg,@yyx990803
@LinusBorg,@posva
@LinusBorg,@nickmessing
@LinusBorg,@ktsn
@LinusBorg,@chrisvfritz
@LinusBorg,@znck
@LinusBorg,@Akryum
@LinusBorg,@sodatea
@LinusBorg,@shentao
@LinusBorg,@eddyerburgh
@bnjmnt4n,@jdalton
@bnjmnt4n,@rauchg
@bnjmnt4n,@mathiasbynens
@bnjmnt4n,@zackhall
@bnjmnt4n,@jfmengels
@jdalton,@mathiasbynens
@jdalton,@bnjmnt4n
@jfmengels,@jdalton
@mathiasbynens,@jdalton
@mathiasbynens,@jridgewell
@mathiasbynens,@bnjmnt4n
@zackhall,@jdalton
@robinvdvleuten,@tj
@robinvdvleuten,@leo
@dadambickford,@OscarGodson
@nhocki,@travisjeffery
@OscarGodson,@dadambickford
@TehShrike,@jdalton
@TehShrike,@tj
@theKashey,@ai
@A,@rauchg
@A,@ai
@A,@tj
@A,@dylang
@A,@kossnocorp
@A,@dougwilson
@A,@TooTallNate
@A,@mathiasbynens
@A,@theKashey
@A,@tunnckoCore
@dougwilson,@tj
@Qix-,@rauchg
@Qix-,@TooTallNate
@Qix-,@sdras
@Qix-,@leo
@thebigredgeek,@tj
@TooTallNate,@rauchg
@TooTallNate,@tj
@TooTallNate,@Qix-
@TooTallNate,@joecohens
@TooTallNate,@matheuss
@TooTallNate,@leo
@travisjeffery,@rauchg
@travisjeffery,@tj
@travisjeffery,@TooTallNate
@travisjeffery,@mathiasbynens
@blake-newman,@yyx990803
@chrisvfritz,@yyx990803
@kazupon,@ykzts
@kazupon,@rauchg
@kazupon,@ai
@kazupon,@tj
@kazupon,@TooTallNate
@kazupon,@Jinjiang
@kazupon,@yyx990803
@kazupon,@simplesmiler
@kazupon,@posva
@kazupon,@LinusBorg
@kazupon,@nickmessing
@kazupon,@Justineo
@kazupon,@ktsn
@kazupon,@sdras
@kazupon,@chrisvfritz
@kazupon,@znck
@kazupon,@Akryum
@kazupon,@sodatea
@kazupon,@shentao
@kazupon,@kiaking
@kazupon,@michalsnik
@kazupon,@fnlctrl
@kazupon,@hootlex
@kazupon,@blake-newman
@kazupon,@phanan
@kazupon,@eddyerburgh
@kazupon,@ulivz
@phanan,@mathiasbynens
@phanan,@yyx990803
@phanan,@LinusBorg
@phanan,@sdras
@phanan,@Akryum
@phanan,@shentao
@phanan,@michalsnik
@posva,@tj
@posva,@kazupon
@posva,@yyx990803
@posva,@LinusBorg
@posva,@Justineo
@posva,@ktsn
@posva,@sdras
@posva,@chrisvfritz
@posva,@znck
@posva,@Akryum
@posva,@shentao
@posva,@kiaking
@posva,@phanan
@simplesmiler,@yyx990803
@yyx990803,@rauchg
@yyx990803,@ai
@yyx990803,@tj
@yyx990803,@TooTallNate
@yyx990803,@mathiasbynens
@yyx990803,@Jinjiang
@znck,@yyx990803
@znck,@chrisvfritz
@znck,@Akryum
@Akryum,@kazupon
@Akryum,@yyx990803
@Akryum,@posva
@Akryum,@LinusBorg
@Akryum,@sdras
@Akryum,@znck
@Akryum,@blake-newman
@Akryum,@phanan
@Akryum,@eddyerburgh
@Justineo,@jdalton
@Justineo,@rauchg
@Justineo,@ai
@Justineo,@tj
@Justineo,@kazupon
@Justineo,@Jinjiang
@Justineo,@yyx990803
@Justineo,@posva
@Justineo,@sdras
@Justineo,@Akryum
@Justineo,@sodatea
@ktsn,@tj
@ktsn,@kazupon
@ktsn,@yyx990803
@ktsn,@posva
@ktsn,@fnlctrl
@NataliaTepluhina,@Akryum
@nickmessing,@kazupon
@nickmessing,@yyx990803
@nickmessing,@sdras
@sdras,@kazupon
@sdras,@mzabriskie
@sdras,@Jinjiang
@sdras,@yyx990803
@sdras,@posva
@sdras,@LinusBorg
@sdras,@Justineo
@sdras,@chrisvfritz
@sdras,@Akryum
@sdras,@blake-newman
@shentao,@yyx990803
@sodatea,@tj
@sodatea,@yyx990803
@sodatea,@Justineo
@hootlex,@kazupon
@hootlex,@yyx990803
@hootlex,@posva
@hootlex,@LinusBorg
@hootlex,@ktsn
@hootlex,@sdras
@hootlex,@chrisvfritz
@hootlex,@znck
@hootlex,@Akryum
@hootlex,@blake-newman
@hootlex,@phanan
@kiaking,@kazupon
@kiaking,@Jinjiang
@kiaking,@yyx990803
@kiaking,@posva
@kiaking,@Justineo
@kiaking,@ktsn
@kiaking,@chrisvfritz
@kiaking,@Akryum
@kiaking,@shentao
@kiaking,@NataliaTepluhina
@ulivz,@tj
@ulivz,@kazupon
@ulivz,@Jinjiang
@ulivz,@yyx990803
@ulivz,@posva
@ulivz,@Justineo
@ulivz,@ktsn
@ulivz,@sdras
@ulivz,@sodatea
@ulivz,@NataliaTepluhina
@joecohens,@rauchg
@joecohens,@leo
@leo,@rauchg
@leo,@tj
@leo,@TooTallNate
@leo,@Qix-
@matheuss,@rauchg
@matheuss,@ai
@matheuss,@TooTallNate
@matheuss,@yyx990803
@matheuss,@Qix-
@matheuss,@leo
@rauchg,@jdalton
@rauchg,@ai
@rauchg,@tj
@rauchg,@dylang
@rauchg,@TooTallNate
@rauchg,@jridgewell
@rauchg,@sdras
@rauchg,@leo
@zloirock,@slowcheetah
@yyx990803,@rauchg
@yyx990803,@ai
@yyx990803,@tj
@yyx990803,@TooTallNate
@yyx990803,@mathiasbynens
@yyx990803,@Jinjiang
@znck,@yyx990803
@znck,@chrisvfritz
@znck,@Akryum
@Akryum,@kazupon
@Akryum,@yyx990803
@Akryum,@posva
@Akryum,@LinusBorg
@Akryum,@sdras
@Akryum,@znck
@Akryum,@blake-newman
@Akryum,@phanan
@Akryum,@eddyerburgh
@Justineo,@jdalton
@Justineo,@rauchg
@Justineo,@ai
@Justineo,@tj
@Justineo,@kazupon
@Justineo,@Jinjiang
@Justineo,@yyx990803
@Justineo,@posva
@Justineo,@sdras
@Justineo,@Akryum
@Justineo,@sodatea
@ktsn,@tj
@ktsn,@kazupon
@ktsn,@yyx990803
@ktsn,@posva
@ktsn,@fnlctrl
@NataliaTepluhina,@Akryum
@nickmessing,@kazupon
@nickmessing,@yyx990803
@nickmessing,@sdras
@sdras,@kazupon
@sdras,@mzabriskie
@sdras,@Jinjiang
@sdras,@yyx990803
@sdras,@posva
@sdras,@LinusBorg
@sdras,@Justineo
@sdras,@chrisvfritz
@sdras,@Akryum
@sdras,@blake-newman
@shentao,@yyx990803
@sodatea,@tj
@sodatea,@yyx990803
@sodatea,@Justineo
@hootlex,@kazupon
@hootlex,@yyx990803
@hootlex,@posva
@hootlex,@LinusBorg
@hootlex,@ktsn
@hootlex,@sdras
@hootlex,@chrisvfritz
@hootlex,@znck
@hootlex,@Akryum
@hootlex,@blake-newman
@hootlex,@phanan
@kiaking,@kazupon
@kiaking,@Jinjiang
@kiaking,@yyx990803
@kiaking,@posva
@kiaking,@Justineo
@kiaking,@ktsn
@kiaking,@chrisvfritz
@kiaking,@Akryum
@kiaking,@shentao
@kiaking,@NataliaTepluhina
@ulivz,@tj
@ulivz,@kazupon
@ulivz,@Jinjiang
@ulivz,@yyx990803
@ulivz,@posva
@ulivz,@Justineo
@ulivz,@ktsn
@ulivz,@sdras
@ulivz,@sodatea
@ulivz,@NataliaTepluhina
@joecohens,@rauchg
@joecohens,@leo
@leo,@rauchg
@leo,@tj
@leo,@TooTallNate
@leo,@Qix-
@matheuss,@rauchg
@matheuss,@ai
@matheuss,@TooTallNate
@matheuss,@yyx990803
@matheuss,@Qix-
@matheuss,@leo
@rauchg,@jdalton
@rauchg,@ai
@rauchg,@tj
@rauchg,@dylang
@rauchg,@TooTallNate
@rauchg,@jridgewell
@rauchg,@sdras
@rauchg,@leo
@zloirock,@slowcheetah
